Name,Price,1h %,24h %,7d %,Market Cap,Volume(24h),Circulating Supply
BitcoinBTC,"$38,112.19",0.23%,1.83%,4.05%,$745.26B,"$25,324,600,713","19,556,181 BTC"
EthereumETH,"$2,054.06",0.07%,0.89%,1.02%,$246.99B,"$10,269,496,917","120,240,684 ETH"
Tether USDtUSDT,$1.00,0.03%,0.02%,0.00%,$89.13B,"$41,074,964,582","89,079,709,234 USDT"
BNBBNB,$228.35,0.43%,0.70%,2.35%,$34.64B,"$643,350,5802","151,698,989 BNB"
XRPXRP,$0.6122,0.00%,0.43%,2.59%,$32.94B,"$1,071,946,4211","53,816,975,568 XRP"
SolanaSOL,$60.66,0.53%,7.63%,9.72%,$25.69B,"$1,962,542,1413","423,517,664 SOL"
USDCUSDC,$0.9999,0.02%,0.02%,0.03%,$24.57B,"$5,571,117,2065","24,571,732,672 USDC"
CardanoADA,$0.3845,0.28%,1.13%,3.35%,$13.57B,"$268,551,779698","35,300,440,977 ADA"
DogecoinDOGE,$0.08234,0.56%,5.54%,9.92%,$11.67B,"$770,096,3689","142,028,196,384 DOGE"
TRONTRX,$0.1036,0.20%,1.48%,3.49%,$9.17B,"$268,549,6882","88,551,048,111 TRX"
ToncoinTON,$2.45,0.42%,0.62%,2.49%,$8.39B,"$40,518,50116","3,431,892,088 TON"
ChainlinkLINK,$14.76,0.29%,3.20%,3.23%,$8.23B,"$598,713,26140","556,849,970 LINK"
AvalancheAVAX,$21.04,0.62%,3.47%,3.60%,$7.7B,"$531,789,36825","365,114,074 AVAX"
PolygonMATIC,$0.7605,0.24%,2.62%,0.37%,$7.05B,"$425,074,650558","9,275,284,920 MATIC"
PolkadotDOT,$5.30,0.75%,1.90%,3.96%,$6.62B,"$186,175,14535","1,250,452,160 DOT"
DaiDAI,$0.9997,0.06%,0.15%,0.10%,$5.35B,"$283,928,741284","5,347,888,596 DAI"
LitecoinLTC,$69.82,0.08%,0.96%,2.82%,$5.16B,"$322,636,5294","73,926,133 LTC"
Shiba InuSHIB,$0.000008304,0.59%,1.32%,3.71%,$4.89B,"$135,430,35416","589,346,914,631,298 SHIB"
Bitcoin CashBCH,$223.79,0.25%,0.52%,1.59%,$4.38B,"$163,728,897731","19,572,194 BCH"
UniswapUNI,$6.19,1.17%,0.29%,13.21%,$3.63B,"$140,903,35322","588,187,016 UNI"
UNUS SED LEOLEO,$3.92,0.37%,0.97%,2.51%,$3.64B,"$1,052,657269","928,385,892 LEO"
CosmosATOM,$9.18,0.55%,0.13%,5.99%,$3.46B,"$169,349,53418","377,049,224 ATOM"
OKBOKB,$57.21,1.03%,1.57%,1.59%,$3.43B,"$6,236,135109","60,000,000 OKB"
StellarXLM,$0.12,0.24%,2.06%,2.78%,$3.36B,"$73,635,353614","27,993,969,826 XLM"
MoneroXMR,$167.24,0.17%,1.07%,2.33%,$3.07B,"$83,403,025499","18,364,357 XMR"
TrueUSDTUSD,$0.9982,0.03%,0.06%,0.10%,$3.06B,"$225,255,333225","3,063,886,183 TUSD"
KaspaKAS,$0.1318,0.78%,1.22%,2.54%,$2.86B,"$44,782,733339","21,721,516,869 KAS"
Ethereum ClassicETC,$18.79,0.02%,0.96%,0.20%,$2.71B,"$174,404,2179","144,268,051 ETC"
CronosCRO,$0.09257,0.12%,0.66%,1.42%,$2.34B,"$10,934,490118","25,263,013,692 CRO"
FilecoinFIL,$4.49,0.23%,0.05%,2.03%,$2.12B,"$107,077,82523","472,881,940 FIL"
THORChainRUNE,$6.33,1.43%,10.99%,8.41%,$2.14B,"$414,302,71265","337,652,012 RUNE"
Internet ComputerICP,$4.56,0.33%,1.54%,6.66%,$2.05B,"$47,020,16310","449,732,012 ICP"
HederaHBAR,$0.06069,0.39%,0.22%,0.85%,$2.04B,"$47,365,843779","33,563,623,257 HBAR"
Lido DAOLDO,$2.27,0.56%,3.24%,7.83%,$2.02B,"$94,448,39641","890,044,966 LDO"
AptosAPT,$7.01,0.13%,1.08%,2.72%,$1.94B,"$94,877,23013","277,126,959 APT"
NEAR ProtocolNEAR,$1.83,1.00%,2.18%,0.05%,$1.83B,"$113,209,95061","1,002,821,297 NEAR"
BUSDBUSD,$1.00,0.02%,0.05%,0.00%,$1.69B,"$412,808,395412","1,690,986,198 BUSD"
MantleMNT,$0.5197,0.40%,0.64%,11.23%,$1.63B,"$77,730,809149","3,126,673,946 MNT"
ImmutableIMX,$1.28,0.30%,2.56%,5.19%,$1.6B,"$60,836,26747","1,251,798,947 IMX"
VeChainVET,$0.0217,1.21%,1.80%,6.45%,$1.58B,"$42,077,5931","72,714,516,834 VET"
OptimismOP,$1.68,0.01%,2.98%,1.19%,$1.48B,"$134,885,90780","880,917,403 OP"
AaveAAVE,$98.00,0.43%,4.04%,6.54%,$1.44B,"$127,221,1291","14,644,968 AAVE"
InjectiveINJ,$16.77,0.82%,2.70%,6.82%,$1.4B,"$80,004,2354","83,755,556 INJ"
MakerMKR,"$1,535.74",0.05%,4.34%,5.00%,$1.41B,"$83,839,80754","918,471 MKR"
The GraphGRT,$0.1458,0.71%,0.02%,2.59%,$1.36B,"$70,520,087483","9,316,053,010 GRT"
FTX TokenFTT,$4.01,0.11%,7.57%,3.35%,$1.32B,"$120,317,34530","328,895,104 FTT"
ArbitrumARB,$1.01,0.24%,0.21%,0.45%,$1.29B,"$189,957,895187","1,275,000,000 ARB"
RenderRNDR,$3.26,0.74%,1.27%,1.78%,$1.21B,"$92,795,24528","371,908,453 RNDR"
QuantQNT,$98.75,0.25%,0.57%,0.26%,$1.19B,"$18,008,478182","12,072,738 QNT"
MultiversXEGLD,$43.48,0.56%,0.07%,1.45%,$1.14B,"$22,448,724517","26,262,645 EGLD"
StacksSTX,$0.7554,1.96%,17.39%,23.61%,$1.07B,"$223,899,244295","1,422,801,569 STX"
AlgorandALGO,$0.1329,0.44%,0.57%,2.51%,$1.06B,"$89,464,528672","8,006,103,382 ALGO"
SynthetixSNX,$3.34,1.43%,1.32%,4.09%,$975.04M,"$71,130,45921","291,677,121 SNX"
Theta NetworkTHETA,$0.9702,0.01%,3.23%,6.95%,$970.24M,"$17,524,32018","1,000,000,000 THETA"
FlowFLOW,$0.6599,0.14%,1.74%,5.90%,$971.72M,"$44,249,73467","1,472,582,010 FLOW"
Bitcoin SVBSV,$46.93,0.48%,2.44%,2.04%,$918.28M,"$55,816,2651","19,565,138 BSV"
CelestiaTIA,$6.09,1.57%,3.35%,4.57%,$897.09M,"$191,900,08231","147,180,514 TIA"
FantomFTM,$0.3079,0.90%,2.81%,4.66%,$863.27M,"$77,745,046252","2,803,634,836 FTM"
The SandboxSAND,$0.4092,0.08%,1.82%,7.22%,$857.28M,"$99,598,192243","2,095,031,926 SAND"
Axie InfinityAXS,$6.50,0.65%,3.12%,12.95%,$857.89M,"$95,331,24014","132,040,367 AXS"
DecentralandMANA,$0.4378,0.14%,0.25%,10.30%,$828.78M,"$90,473,710206","1,893,095,371 MANA"
TezosXTZ,$0.8296,0.31%,2.66%,5.07%,$797.69M,"$30,451,98436","961,575,148 XTZ"
KuCoin TokenKCS,$8.07,0.25%,5.47%,9.49%,$780.79M,"$2,311,587285","96,732,986 KCS"
First Digital USDFDUSD,$0.9998,0.05%,0.10%,0.02%,$775.46M,"$2,302,152,7542","775,652,972 FDUSD"
NeoNEO,$10.85,0.42%,0.87%,2.38%,$765.62M,"$36,476,0013","70,538,831 NEO"
Bitget TokenBGB,$0.5442,0.29%,0.73%,1.05%,$761.9M,"$25,598,30147","1,400,000,000 BGB"
EOSEOS,$0.681,0.39%,0.91%,1.79%,$755.82M,"$156,206,416229","1,109,832,060 EOS"
KavaKAVA,$0.7678,0.75%,1.98%,5.06%,$749.52M,"$15,278,45119","976,242,709 KAVA"
USDDUSDD,$0.9911,0.07%,0.41%,0.46%,$718.83M,"$40,784,77241","725,332,026 USDD"
MinaMINA,$0.706,1.33%,0.08%,14.89%,$712.88M,"$79,370,588112","1,009,602,501 MINA"
IOTAIOTA,$0.2281,0.14%,33.89%,31.91%,$692.94M,"$224,806,206974","3,038,128,133 IOTA"
XDC NetworkXDC,$0.04914,0.21%,0.11%,0.73%,$682.22M,"$15,540,196316","13,880,638,419 XDC"
GalaGALA,$0.02546,0.52%,1.89%,6.90%,$668.15M,"$130,238,9845","26,238,857,328 GALA"
Terra ClassicLUNC,$0.0001152,3.56%,18.63%,58.88%,$668.88M,"$371,962,7973","5,808,279,596,503 LUNC"
KlaytnKLAY,$0.1965,0.35%,1.85%,2.13%,$643.07M,"$21,519,454109","3,272,899,165 KLAY"
SeiSEI,$0.2682,3.74%,11.94%,58.94%,$583.44M,"$807,317,5403","2,175,000,000 SEI"
dYdX (ethDYDX)ETHDYDX,$3.14,0.31%,3.99%,10.40%,$576.32M,"$84,715,39927","183,765,523 ETHDYDX"
ApeCoinAPE,$1.56,0.23%,2.89%,12.54%,$574.78M,"$79,629,24951","368,593,750 APE"
SuiSUI,$0.595,1.04%,0.25%,11.02%,$573.64M,"$153,332,791257","965,577,711 SUI"
Oasis NetworkROSE,$0.08517,0.37%,0.43%,24.45%,$571.79M,"$41,919,092490","6,713,599,876 ROSE"
eCashXEC,$0.00002903,0.33%,1.08%,2.72%,$568.04M,"$7,120,228244","19,565,298,423,093 XEC"
ChilizCHZ,$0.07339,0.27%,0.96%,4.15%,$561.81M,"$48,123,226655","7,655,073,480 CHZ"
BlurBLUR,$0.502,1.32%,3.98%,7.40%,$559.85M,"$383,532,978762","1,115,196,536 BLUR"
Rocket PoolRPL,$27.58,0.57%,2.56%,1.70%,$549.21M,"$3,977,614144","19,916,753 RPL"
Frax ShareFXS,$7.09,0.04%,0.92%,2.89%,$534.31M,"$23,723,3793","75,352,720 FXS"
ConfluxCFX,$0.1521,0.10%,1.44%,1.16%,$526.26M,"$28,031,467184","3,459,669,123 CFX"
GasGAS,$7.97,0.30%,2.06%,3.82%,$519.86M,"$39,892,8254","65,188,313 GAS"
ArweaveAR,$7.91,0.38%,6.18%,2.12%,$518.02M,"$17,145,5182","65,454,185 AR"
PancakeSwapCAKE,$2.22,0.16%,1.08%,7.48%,$517.78M,"$63,481,48428","233,449,418 CAKE"
Curve DAO TokenCRV,$0.5564,0.19%,0.51%,1.16%,$514.83M,"$57,186,246102","925,349,771 CRV"
Tether GoldXAUt,"$2,044.31",0.11%,0.87%,2.12%,$503.66M,"$3,593,4771","246,524 XAUt"
GnosisGNO,$191.82,0.26%,0.86%,1.13%,$496.73M,"$16,407,66185","2,589,588 GNO"
ZcashZEC,$29.12,0.42%,1.43%,3.48%,$475.5M,"$69,702,7392","16,328,269 ZEC"
PAX GoldPAXG,"$2,020.34",0.11%,0.93%,1.84%,$469.15M,"$8,653,0024","232,214 PAXG"
Trust Wallet TokenTWT,$1.12,0.46%,1.19%,0.56%,$467.75M,"$27,928,40324","416,649,900 TWT"
TerraClassicUSDUSTC,$0.05181,4.76%,25.76%,298.57%,$465.09M,"$661,172,53512","8,976,218,320 USTC"
Huobi TokenHT,$2.84,0.63%,1.03%,2.91%,$461.02M,"$37,096,44113","162,233,844 HT"
TerraLUNA,$0.7731,2.54%,8.07%,24.80%,$456.91M,"$235,543,552304","591,037,835 LUNA"
GMXGMX,$49.08,0.16%,0.03%,3.52%,$453.63M,"$17,287,877352","9,242,890 GMX"
PepePEPE,$0.000001078,0.64%,1.32%,0.78%,$450.2M,"$51,536,85147","417,481,332,889,206 PEPE"
Pax DollarUSDP,$0.9978,0.13%,0.30%,0.45%,$446.43M,"$3,566,9923","448,212,766 USDP"
BitTorrent (New)BTT,$0.0...04632,0.05%,1.81%,1.89%,$440.44M,"$23,510,04550","951,421,714,286,000 BTT"
Fetch.aiFET,$0.5312,0.03%,0.10%,1.72%,$435.01M,"$86,590,397163","813,951,730 FET"
ORDIORDI,$20.11,1.37%,0.66%,6.77%,$420.37M,"$165,096,6218","21,000,000 ORDI"
GateTokenGT,$4.26,0.25%,1.34%,0.30%,$421.7M,"$1,461,973343","99,162,649 GT"
NexoNEXO,$0.7505,0.38%,0.75%,1.60%,$418.75M,"$11,485,87715","560,000,011 NEXO"
HeliumHNT,$2.91,0.95%,11.10%,39.59%,$417.44M,"$5,054,3071","143,934,821 HNT"
IlluviumILV,$110.43,1.47%,2.28%,12.49%,$416.03M,"$55,955,687504","3,767,377 ILV"
CompoundCOMP,$50.86,0.56%,1.06%,2.76%,$408.48M,"$64,147,3971","8,023,562 COMP"
Akash NetworkAKT,$1.75,0.98%,3.10%,7.80%,$388.02M,"$4,841,3162","222,242,994 AKT"
BeamBEAM,$0.009246,1.86%,3.58%,6.83%,$382.71M,"$18,740,9362","41,942,621,467 BEAM"
WOO NetworkWOO,$0.2184,0.39%,1.44%,0.23%,$387.2M,"$12,212,53255","1,773,283,307 WOO"
STEPNGMT,$0.2751,0.61%,0.79%,0.44%,$381.31M,"$126,507,292457","1,385,879,034 GMT"
SingularityNETAGIX,$0.3035,0.16%,3.58%,3.88%,$377.13M,"$50,096,229165","1,242,747,261 AGIX"
CasperCSPR,$0.03251,0.59%,0.54%,0.07%,$374.41M,"$4,662,236143","11,517,438,534 CSPR"
ZilliqaZIL,$0.02117,2.33%,2.68%,4.52%,$367.77M,"$18,231,284857","17,372,203,179 ZIL"
AxelarAXL,$0.7409,0.17%,6.00%,15.98%,$360.39M,"$19,338,48126","486,442,296 AXL"
AstarASTR,$0.06703,0.43%,2.32%,6.63%,$359.67M,"$11,742,837175","5,377,253,645 ASTR"
aelfELF,$0.5131,8.15%,18.10%,11.90%,$360.69M,"$73,421,194143","702,215,556 ELF"
1inch Network1INCH,$0.3423,0.36%,0.10%,0.87%,$355.98M,"$22,889,68366","1,041,464,863 1INCH"
FlareFLR,$0.01206,0.19%,2.03%,12.34%,$349.38M,"$10,296,624853","28,733,725,396 FLR"
DashDASH,$29.91,0.02%,0.06%,4.86%,$345.75M,"$50,501,2921","11,560,936 DASH"
Basic Attention TokenBAT,$0.2278,4.83%,8.62%,12.00%,$339.47M,"$71,767,258312","1,490,413,701 BAT"
0x ProtocolZRX,$0.3928,1.43%,2.13%,1.83%,$334.43M,"$32,714,75683","847,496,055 ZRX"
Convex FinanceCVX,$3.60,0.41%,0.29%,2.57%,$330.76M,"$5,093,4711","91,790,503 CVX"
OsmosisOSMO,$0.6703,0.01%,6.40%,8.57%,$330.43M,"$8,231,87612","492,590,761 OSMO"
NEMXEM,$0.03583,0.16%,3.10%,3.95%,$324.78M,"$4,905,030136","8,999,999,999 XEM"
APENFTNFT,$0.0...03239,0.19%,1.88%,4.57%,$320.65M,"$20,605,03163","990,105,682,877,398 NFT"
QtumQTUM,$3.05,0.16%,0.30%,0.87%,$319.07M,"$40,473,60413","104,755,842 QTUM"
FLOKIFLOKI,$0.00003196,0.55%,0.42%,1.41%,$303.59M,"$20,472,161640","9,504,767,901,562 FLOKI"
EthereumPoWETHW,$2.80,1.74%,4.16%,79.08%,$302.1M,"$37,277,46413","107,818,999 ETHW"
MX TOKENMX,$2.99,0.06%,1.64%,3.07%,$300.72M,"$2,105,279704","100,631,536 MX"
WorldcoinWLD,$2.54,1.59%,1.91%,0.00%,$298.17M,"$135,562,60153","117,470,093 WLD"
Enjin CoinENJ,$0.2917,0.15%,0.92%,8.30%,$291.68M,"$21,679,31674","1,000,000,000 ENJ"
LoopringLRC,$0.2162,0.10%,1.00%,6.26%,$287.94M,"$14,573,95767","1,331,682,636 LRC"
Theta FuelTFUEL,$0.04476,3.07%,6.65%,7.20%,$281.04M,"$11,587,721258","6,363,854,024 TFUEL"
Mask NetworkMASK,$3.41,0.82%,1.75%,3.31%,$280.28M,"$111,324,74832","82,112,500 MASK"
SushiSwapSUSHI,$1.20,2.01%,3.91%,15.12%,$277.58M,"$65,987,87755","231,950,179 SUSHI"
StorjSTORJ,$0.7265,1.13%,0.44%,0.38%,$278.12M,"$51,871,60171","382,172,463 STORJ"
yearn.financeYFI,"$8,337.37",0.24%,1.39%,4.21%,$277.01M,"$66,692,9067","33,230 YFI"
JUSTJST,$0.03115,0.58%,0.84%,2.77%,$277.34M,"$42,983,6081","8,902,080,000 JST"
CeloCELO,$0.5328,0.66%,2.32%,4.83%,$276.19M,"$15,818,06929","518,357,311 CELO"
HoloHOT,$0.001581,0.23%,1.73%,7.14%,$272.62M,"$7,083,1304","172,459,784,703 HOT"
SafePalSFP,$0.6386,0.01%,0.01%,1.22%,$268.74M,"$6,547,12510","420,833,333 SFP"
Bitcoin GoldBTG,$15.35,0.44%,1.34%,4.48%,$268.74M,"$5,167,745336","17,513,924 BTG"
ssv.networkSSV,$25.64,0.05%,6.04%,45.13%,$256.41M,"$33,301,3541","10,000,000 SSV"
Ethereum Name ServiceENS,$8.49,0.11%,0.37%,3.44%,$256.03M,"$18,828,2572","30,162,274 ENS"
SiacoinSC,$0.00449,1.59%,2.39%,0.40%,$250.66M,"$13,689,4533","55,721,682,310 SC"
RavencoinRVN,$0.01872,0.38%,0.32%,11.16%,$247.84M,"$22,778,1611","13,241,356,829 RVN"
GolemGLM,$0.2473,2.26%,5.92%,5.22%,$247.31M,"$32,435,269130","1,000,000,000 GLM"
ICONICX,$0.2524,2.23%,3.78%,4.28%,$245.62M,"$12,783,20950","973,095,699 ICX"
CentrifugeCFG,$0.6769,0.84%,0.47%,34.94%,$243.88M,"$1,982,8402","360,263,043 CFG"
Ocean ProtocolOCEAN,$0.4332,0.24%,0.16%,6.67%,$246.24M,"$27,864,26064","568,381,103 OCEAN"
AnkrANKR,$0.02446,1.46%,1.65%,1.20%,$244.57M,"$17,352,736708","10,000,000,000 ANKR"
JasmyCoinJASMY,$0.004914,0.56%,2.47%,3.22%,$242.27M,"$20,801,0694","49,299,999,876 JASMY"
MemecoinMEME,$0.02702,1.85%,3.02%,3.10%,$237.67M,"$128,885,5624","8,797,500,000 MEME"
WavesWAVES,$2.09,0.11%,0.39%,3.54%,$236.88M,"$33,518,23015","113,143,180 WAVES"
IoTeXIOTX,$0.02487,1.27%,2.20%,11.14%,$234.84M,"$8,829,859354","9,442,374,267 IOTX"
ChiaXCH,$25.51,0.02%,0.09%,3.50%,$234.08M,"$19,404,774763","9,174,676 XCH"
AragonANT,$5.24,0.16%,1.16%,1.39%,$226.5M,"$18,425,2873","43,176,145 ANT"
DecredDCR,$14.34,1.10%,4.19%,0.22%,$224.67M,"$1,292,96190","15,672,688 DCR"
ThresholdT,$0.02365,2.13%,4.28%,5.09%,$221.99M,"$14,046,752590","9,388,322,025 T"
AudiusAUDIO,$0.189,0.55%,2.59%,6.24%,$220.79M,"$5,757,29030","1,167,950,954 AUDIO"
Echelon PrimePRIME,$8.06,0.21%,1.84%,9.14%,$211.84M,"$5,923,124734","26,271,698 PRIME"
SKALESKL,$0.04228,0.44%,2.09%,26.41%,$211.46M,"$38,277,585905","5,001,811,004 SKL"
MoonbeamGLMR,$0.267,0.50%,1.81%,10.24%,$211.11M,"$10,423,26939","791,160,921 GLMR"
KusamaKSM,$24.41,0.10%,0.11%,4.18%,$206.7M,"$18,319,867751","8,470,098 KSM"
WAXWAXP,$0.06112,0.93%,1.76%,0.36%,$206.59M,"$6,051,21299","3,379,930,683 WAXP"
SolarSXP,$0.3492,2.54%,4.62%,6.08%,$204.55M,"$20,484,12458","585,806,917 SXP"
BalancerBAL,$3.68,0.02%,0.72%,2.55%,$197.6M,"$9,051,8092","53,675,025 BAL"
Band ProtocolBAND,$1.43,0.45%,1.68%,3.33%,$194.96M,"$8,623,8756","136,423,028 BAND"
OntologyONT,$0.2216,0.48%,1.74%,6.53%,$193.97M,"$10,174,37045","875,249,524 ONT"
TellorTRB,$77.08,1.56%,1.38%,15.95%,$193.1M,"$21,276,995281","2,505,335 TRB"
BiconomyBICO,$0.2683,0.17%,2.16%,6.98%,$188.17M,"$8,320,84530","701,391,763 BICO"
MagicMAGIC,$0.7723,0.74%,4.05%,13.23%,$187.13M,"$80,871,759103","242,300,559 MAGIC"
LivepeerLPT,$6.26,0.01%,0.34%,1.98%,$186.95M,"$27,382,7574","29,849,823 LPT"
HarmonyONE,$0.01354,0.39%,3.47%,6.91%,$184.88M,"$10,109,028745","13,653,213,130 ONE"
HiveHIVE,$0.3678,1.36%,2.24%,9.15%,$184.16M,"$6,647,95218","500,749,243 HIVE"
FluxFLUX,$0.5382,0.60%,2.89%,33.54%,$182.04M,"$22,382,20641","338,225,722 FLUX"
Ribbon FinanceRBN,$0.3319,0.37%,14.73%,66.44%,$178.25M,"$6,795,98320","537,093,440 RBN"
tomiNetTOMI,$2.68,0.26%,2.36%,27.59%,$174.93M,"$33,613,51312","65,369,656 TOMI"
IOSTIOST,$0.009106,0.97%,6.01%,5.28%,$170.37M,"$24,175,7622","18,708,894,189 IOST"
SuperVerseSUPER,$0.3799,6.54%,7.23%,130.13%,$171.61M,"$72,514,603193","451,694,843 SUPER"
Vulcan Forged PYRPYR,$6.20,0.51%,2.57%,0.08%,$168.49M,"$15,827,4562","27,182,227 PYR"
StatusSNT,$0.04127,0.44%,1.89%,3.97%,$159.62M,"$5,055,559122","3,868,007,005 SNT"
StratisSTRAX,$1.01,0.93%,0.77%,8.07%,$156.66M,"$27,689,97027","155,761,541 STRAX"
KadenaKDA,$0.6091,0.17%,0.31%,4.33%,$155.2M,"$3,911,4426","254,788,019 KDA"
LiskLSK,$1.20,1.30%,4.62%,19.85%,$155.32M,"$20,616,29017","128,900,445 LSK"
PolymeshPOLYX,$0.2016,0.97%,0.75%,5.78%,$153.65M,"$20,787,105103","762,235,957 POLYX"
Gemini DollarGUSD,$0.9992,0.03%,0.27%,0.02%,$150.56M,"$412,734412","150,672,869 GUSD"
GalxeGAL,$1.58,0.52%,0.93%,24.23%,$150.23M,"$70,306,09344","95,097,997 GAL"
Ontology GasONG,$0.42,0.12%,9.47%,28.09%,$152.09M,"$139,475,598340","362,158,459 ONG"
UMAUMA,$1.95,2.48%,7.84%,13.61%,$144.97M,"$48,407,96024","74,482,652 UMA"
Bone ShibaSwapBONE,$0.6254,0.42%,1.45%,0.44%,$143.79M,"$6,202,3519","229,923,351 BONE"
HorizenZEN,$9.94,0.40%,1.27%,1.24%,$143.06M,"$7,333,777737","14,392,731 ZEN"
BORABORA,$0.1433,0.84%,1.15%,6.33%,$142.45M,"$2,872,09319","993,750,000 BORA"
Alchemy PayACH,$0.02018,0.09%,0.06%,6.96%,$141.73M,"$12,341,257610","7,023,724,103 ACH"
PowerledgerPOWR,$0.2768,0.58%,0.11%,2.51%,$141.97M,"$42,982,696155","512,933,450 POWR"
JOEJOE,$0.3768,0.14%,1.08%,1.25%,$141.2M,"$7,049,52418","374,767,342 JOE"
Open CampusEDU,$0.6645,0.06%,3.56%,17.04%,$138.61M,"$31,147,30146","208,593,754 EDU"
Lido Staked ETHstETH,"$2,049.65",0.08%,1.04%,1.24%,$18.92B,"$7,460,6383","9,242,271 stETH"
Wrapped TRONWTRX,$0.1033,0.18%,1.75%,3.71%,$9.16B,"$1,745,44916","88,549,916,289 WTRX"
Wrapped BitcoinWBTC,"$38,137.01",0.07%,2.49%,4.41%,$6.11B,"$93,363,6672","160,376 WBTC"
Wrapped EOSWEOS,$4.32,0.00%,0.47%,6.05%,$4.8B,$7517,"1,109,832,060 WEOS"
Bitcoin ClassicBXC,"$3,832.89",0.01%,1.69%,4.93%,$2.3B,"$201,15552","600,147 BXC"
Bitcoin BEP2BTCB,"$38,138.74",0.03%,1.95%,4.23%,$2.05B,"$331,847,1778","53,874 BTCB"
Wrapped HBARWHBAR,$0.06005,0.28%,0.76%,0.46%,$2.02B,"$88,6861","33,563,623,257 WHBAR"
Wrapped Beacon ETHWBETH,"$2,102.98",0.14%,1.34%,1.44%,$1.61B,"$3,040,9991","768,365 WBETH"
BittensorTAO,$257.74,0.90%,7.57%,1.03%,$1.35B,"$7,011,56727","5,225,553 TAO"
Rocket Pool ETHRETH,"$2,242.93",0.13%,0.82%,1.31%,$1.22B,"$9,238,2154","544,949 RETH"
HEXHEX,$0.006147,0.99%,5.82%,12.78%,$1.07B,"$587,43894","173,411,074,413 HEX"
FraxFRAX,$0.9995,0.01%,0.10%,0.01%,$669.2M,"$7,493,5637","669,655,736 FRAX"
WEMIXWEMIX,$2.02,0.10%,2.05%,15.17%,$667.67M,"$13,191,7296","328,783,963 WEMIX"
Wrapped BNBWBNB,$228.47,0.51%,0.40%,2.38%,$601.72M,"$106,857,502467","2,634,488 WBNB"
CheeleeCHEEL,$11.03,0.50%,0.57%,4.42%,$594.07M,"$5,330,090481","53,837,996 CHEEL"
TNC CoinTNC,$0.09803,0.89%,0.50%,2.95%,$574.93M,"$135,2451","5,851,183,164 TNC"
Rollbit CoinRLB,$0.1695,1.92%,1.27%,0.13%,$558.21M,"$14,759,35087","3,296,951,621 RLB"
RadixXRD,$0.05115,0.10%,2.90%,8.62%,$527.43M,"$3,374,48566","10,310,928,241 XRD"
Venus BNBvBNB,$5.21,0.49%,0.35%,2.38%,$438.91M,"$290,753,38355","84,327,095 vBNB"
BitTorrentBTTOLD,$0.0004396,0.00%,1.35%,56.76%,$435.24M,"$1,0362","990,000,000,000 BTTOLD"
Coinbase Wrapped Staked ETHCBETH,"$2,171.64",0.14%,1.29%,1.36%,$424.36M,"$2,204,6701","195,671 CBETH"
KujiraKUJI,$3.28,1.45%,6.97%,5.07%,$401.97M,"$3,114,258946","122,349,807 KUJI"
Wrapped KavaWKAVA,$0.7443,0.26%,1.97%,3.26%,$370.45M,"$11,45915","497,668,960 WKAVA"
Aleph ZeroAZERO,$1.39,0.12%,1.66%,2.14%,$376.26M,"$1,974,6361","266,778,951 AZERO"
FasttokenFTN,$1.21,0.40%,0.37%,0.03%,$369.77M,"$9,678,0507","304,850,250 FTN"
Huobi BTCHBTC,"$40,492.01",0.09%,1.88%,4.17%,$363.19M,"$4,3400","8,969 HBTC"
RoninRON,$1.09,1.19%,2.06%,32.62%,$297.21M,"$5,531,710","273,711,339 RON"
OrblerORBR,$0.2799,0.31%,2.01%,1.46%,$284.62M,"$182,833653","1,015,586,750 ORBR"
BeldexBDX,$0.04637,0.27%,2.93%,4.62%,$274M,"$2,428,39452","5,912,185,918 BDX"
PendlePENDLE,$1.06,0.15%,3.32%,1.70%,$249.48M,"$21,300,14520","235,885,588 PENDLE"
BonkBONK,$0.000004269,1.85%,2.09%,9.25%,$231.36M,"$44,485,69010","54,175,991,495,377 BONK"
FLEXFLEX,$2.25,0.16%,394.36%,0.24%,$46.76M,"$86,22838","98,664,939 FLEX"
LUKSOLYX,$6.30,2.76%,5.16%,5.62%,$213.26M,"$261,30241","33,841,594 LYX"
EdgecoinEDGT,$0.9944,0.01%,0.01%,0.10%,$208.84M,"$176,228177","210,000,000 EDGT"
DeFiChainDFI,$0.2502,0.07%,2.18%,2.19%,$208.63M,"$7,061,73028","833,743,203 DFI"
FINSCHIAFNSA,$27.63,0.27%,5.90%,3.89%,$203.94M,"$511,24318","7,384,385 FNSA"
SwissBorgBORG,$0.2092,0.55%,1.49%,1.66%,$205.88M,"$1,515,1427","984,654,858 BORG"
Liquity USDLUSD,$0.9954,0.00%,0.05%,0.06%,$200.77M,"$3,506,7303","201,701,158 LUSD"
ArkARK,$1.06,0.90%,3.93%,34.26%,$187.21M,"$56,444,04953","177,228,522 ARK"
OriginTrailTRAC,$0.4521,1.10%,3.41%,28.13%,$180.15M,"$1,781,4793","398,418,138 TRAC"
PolymathPOLY,$0.1895,0.06%,1.78%,5.54%,$175.22M,"$189,427998","924,998,413 POLY"
TelcoinTEL,$0.002475,0.21%,2.32%,3.17%,$173.85M,"$628,413254","70,253,762,192 TEL"
USDJUSDJ,$1.12,0.02%,0.06%,0.29%,$172.93M,"$1,139,6701","153,767,675 USDJ"
Baby Doge CoinBabyDoge,$0.0...01174,0.35%,0.78%,1.36%,$169.14M,"$2,274,8171","143,935,948,876,280,112 BabyDoge"
TribeTRIBE,$0.3136,0.07%,0.94%,7.19%,$166.48M,"$574,4851","531,015,460 TRIBE"
Venus BTCvBTC,$775.14,0.03%,1.95%,4.24%,$159.55M,"$313,585,344404","205,836 vBTC"
PayPal USDPYUSD,$0.9989,0.02%,0.21%,0.14%,$158.82M,"$5,774,5375","158,956,937 PYUSD"
SymbolXYM,$0.02694,0.71%,0.45%,1.21%,$157.33M,"$584,23721","5,840,555,886 XYM"
Loom NetworkLOOM,$0.1142,0.06%,0.07%,3.90%,$139.28M,"$30,609,263268","1,219,425,698 LOOM"
VVS FinanceVVS,$0.000003445,0.32%,0.48%,0.63%,$139.21M,"$896,890260","40,428,113,300,397 VVS"
Nervos NetworkCKB,$0.00321,0.09%,0.56%,0.77%,$138.16M,"$3,058,210952","43,045,489,738 CKB"
OrbsORBS,$0.04324,0.36%,1.41%,3.64%,$136.98M,"$16,859,806387","3,167,720,359 ORBS"
Reserve RightsRSR,$0.00271,0.26%,7.31%,16.82%,$137.04M,"$16,834,9036","50,600,000,000 RSR"
LiquityLQTY,$1.44,0.43%,0.56%,6.70%,$136.07M,"$29,271,63320","94,447,700 LQTY"
STASIS EUROEURS,$1.10,0.09%,0.70%,0.74%,$135.97M,"$1,408,8361","124,125,940 EURS"
Pundi X (New)PUNDIX,$0.5293,0.75%,5.50%,6.04%,$136.89M,"$45,283,43386","258,491,637 PUNDIX"
Nakamoto GamesNAKA,$1.85,2.84%,1.49%,43.28%,$134.21M,"$25,849,54113","72,360,517 NAKA"
inSure DeFiSURE,$0.004909,0.17%,1.15%,7.69%,$131.5M,"$206,58742","26,790,063,175 SURE"
Seedify.fundSFUND,$2.35,0.26%,1.73%,23.59%,$130.01M,"$6,899,5392","55,377,514 SFUND"
DeXeDEXE,$3.57,0.26%,5.97%,9.22%,$130.1M,"$2,047,611577","36,500,047 DEXE"
DAO MakerDAO,$0.8925,0.29%,3.10%,0.01%,$128.56M,"$2,271,7832","143,942,531 DAO"
DigiByteDGB,$0.00768,0.78%,3.55%,4.76%,$128.7M,"$3,577,491465","16,664,188,400 DGB"
LUKSO (Old)LYXe,$6.70,2.78%,10.72%,4.55%,$124.68M,"$250,56536","18,600,000 LYXe"
ShahramCoinSHC,$2.02,0.10%,11.72%,47.65%,$127.11M,"$52,76726","62,827,668 SHC"
STPSTPT,$0.06426,0.78%,2.34%,1.73%,$125.12M,"$6,834,290105","1,942,420,283 STPT"
API3API3,$1.43,0.64%,2.75%,7.27%,$124.05M,"$10,769,4637","86,421,978 API3"
Rootstock Smart BitcoinRBTC,"$37,858.15",0.04%,0.73%,2.98%,$122.92M,N/A,"3,247 RBTC"
Pocket NetworkPOKT,$0.08044,0.40%,7.98%,15.41%,$122.39M,"$2,109,08726","1,521,517,215 POKT"
Bitcoin PalladiumCNNC,$49.26,1.10%,0.13%,0.97%,$122.01M,"$36,784747","2,476,893 CNNC"
Coin98C98,$0.1869,0.19%,3.76%,3.66%,$122.13M,"$23,282,754124","651,111,096 C98"
CovalentCQT,$0.1946,0.95%,2.82%,27.50%,$121.71M,"$977,9975","625,051,477 CQT"
AstraferASTRAFER,$0.7576,0.43%,5.32%,53.55%,$118.5M,"$100,116131","156,417,090 ASTRAFER"
Uquid CoinUQC,$11.82,0.10%,0.51%,164.96%,$118.2M,"$895,87275","10,000,000 UQC"
PlayDappPLA,$0.2066,1.15%,3.52%,5.20%,$117.7M,"$8,174,82939","569,265,030 PLA"
Star Atlas DAOPOLIS,$0.4946,1.20%,0.89%,58.16%,$116.9M,"$1,603,0243","236,353,876 POLIS"
AIOZ NetworkAIOZ,$0.1201,11.73%,42.34%,128.50%,$117.61M,"$11,152,49794","992,996,145 AIOZ"
CartesiCTSI,$0.1518,0.16%,1.81%,7.35%,$116.12M,"$4,636,55030","764,753,570 CTSI"
LooksRareLOOKS,$0.1161,0.89%,0.91%,52.99%,$116.09M,"$12,116,361104","999,941,673 LOOKS"
Celer NetworkCELR,$0.01483,0.03%,0.40%,7.46%,$114.84M,"$5,645,869380","7,743,424,107 CELR"
iExec RLCRLC,$1.56,0.28%,6.68%,9.15%,$113.14M,"$21,230,23313","72,382,548 RLC"
SteemSTEEM,$0.2522,0.26%,0.43%,1.96%,$113.38M,"$6,412,93225","449,582,416 STEEM"
VerusCoinVRSC,$1.51,2.68%,20.37%,26.54%,$112.73M,"$18,87112","74,848,984 VRSC"
CivicCVC,$0.1121,0.33%,3.06%,0.64%,$112.07M,"$12,932,017115","1,000,000,000 CVC"
SPACE IDID,$0.2601,0.36%,2.92%,10.17%,$111.99M,"$29,702,454114","430,506,132 ID"
MiL.kMLK,$0.3455,0.73%,3.91%,7.12%,$111.67M,"$40,199,473116","323,236,334 MLK"
MobileCoinMOB,$0.5686,0.79%,6.62%,9.41%,$111.04M,"$3,247,5505","195,286,109 MOB"
Rootstock Infrastructure FrameworkRIF,$0.1104,0.79%,8.06%,12.45%,$110.37M,"$16,062,421145","1,000,000,000 RIF"
BraintrustBTRST,$0.514,0.20%,0.55%,5.04%,$110.55M,"$163,637318","215,082,513 BTRST"
Stargate FinanceSTG,$0.5391,0.45%,0.14%,1.59%,$110.15M,"$27,002,44050","204,338,417 STG"
BitcoinXTBTCXT,$0.109,9.63%,8.97%,13.27%,$109.75M,"$28,647262","1,006,849,553 BTCXT"
DecimalDEL,$0.01802,0.06%,1.86%,0.70%,$109.46M,"$513,71028","6,075,938,015 DEL"
Wilder WorldWILD,$0.4182,0.05%,4.63%,40.11%,$108.9M,"$709,6531","260,383,229 WILD"
Kyber Network Crystal v2KNC,$0.7082,0.36%,2.02%,5.15%,$108.37M,"$18,454,61726","153,015,361 KNC"
Venus USDCvUSDC,$0.02271,0.02%,0.04%,0.06%,$108.33M,"$91,877,3634","4,771,015,133 vUSDC"
dKargoDKA,$0.03446,1.69%,1.72%,2.90%,$108.64M,"$15,751,984462","3,152,916,667 DKA"
Gains NetworkGNS,$3.51,0.07%,5.08%,4.85%,$106.78M,"$9,644,3302","30,453,619 GNS"
VictionVIC,$1.10,0.07%,0.53%,17.64%,$106.81M,"$7,314,0196","96,830,754 VIC"
NeutronNTRN,$0.4759,1.04%,2.04%,8.98%,$107.25M,"$19,327,17440","225,375,390 NTRN"
Metal DAOMTL,$1.60,1.88%,2.55%,1.39%,$106.39M,"$16,664,44610","66,588,888 MTL"
Yield Guild GamesYGG,$0.3714,0.44%,1.77%,4.64%,$105.82M,"$69,869,152188","284,903,702 YGG"
KWDGCR,$0.9834,1.73%,7.23%,1.75%,$107.46M,"$28,85929","107,024,222 GCR"
BinaryXBNX,$0.2988,0.06%,0.58%,8.32%,$104.83M,"$6,264,49021","350,800,578 BNX"
VenusXVS,$6.72,0.61%,5.80%,1.41%,$104.76M,"$33,311,7944","15,658,232 XVS"
AmpAMP,$0.002468,0.04%,1.50%,1.19%,$104.1M,"$10,387,7784","42,227,702,186 AMP"
BluzelleBLZ,$0.2449,0.25%,2.44%,2.67%,$104.81M,"$7,837,49332","426,454,177 BLZ"
Keep NetworkKEEP,$0.1096,3.31%,2.37%,0.98%,$106.32M,"$162,5991","949,843,692 KEEP"
Bitcoin DominicaLTCU,$100.91,0.01%,0.20%,549.44%,$104.07M,"$12,991129","1,031,300 LTCU"
USDX [Kava]USDX,$0.9216,0.32%,0.10%,0.25%,$102.85M,"$192,405208","111,567,264 USDX"
ChromiaCHR,$0.1338,1.94%,3.97%,10.61%,$102.86M,"$13,303,11199","767,434,439 CHR"
Swiss FrancPEG,$0.04532,1.75%,47.93%,0.60%,$100.98M,"$60,9961","2,227,955,499 PEG"
BancorBNT,$0.7413,0.65%,0.33%,1.04%,$100.3M,"$8,219,08111","135,530,605 BNT"
NeomNTR,$46.82,1.81%,0.89%,0.81%,$100.19M,"$33,037706","2,139,819 NTR"
SecretSCRT,$0.3682,1.15%,5.27%,7.55%,$98.37M,"$1,984,5785","267,365,992 SCRT"
NumeraireNMR,$15.84,0.41%,2.51%,1.92%,$99.09M,"$11,282,418713","6,265,023 NMR"
PAAL AIPAAL,$0.1288,2.84%,8.02%,20.01%,$99.53M,"$5,656,76243","768,187,477 PAAL"
Wrapped NXMWNXM,$41.57,0.05%,1.17%,0.19%,$98.76M,"$2,919,18970","2,379,601 WNXM"
Smooth Love PotionSLP,$0.002393,0.02%,0.33%,1.20%,$98.72M,"$14,145,1795","41,296,959,928 SLP"
Tokamak NetworkTON,$2.28,0.42%,1.93%,2.58%,$98.59M,"$10,917,0744","43,255,438 TON"
NYMNYM,$0.1559,0.28%,1.16%,1.95%,$98.67M,"$2,359,69715","632,728,782 NYM"
NanoXNO,$0.7325,0.01%,0.67%,0.70%,$98.01M,"$2,275,3933","133,248,297 XNO"
ArdorARDR,$0.09758,0.55%,1.51%,1.58%,$97.48M,"$3,188,28032","998,999,495 ARDR"
AllianceBlock NexeraNXRA,$0.1231,0.13%,4.10%,2.79%,$93.81M,"$1,811,61414","759,544,518 NXRA"
VeThor TokenVTHO,$0.001388,0.18%,2.03%,5.37%,$96.81M,"$1,577,8641","69,822,791,925 VTHO"
IQIQ,$0.005953,0.11%,0.76%,4.81%,$95.91M,"$4,252,376715","16,127,417,424 IQ"
SyscoinSYS,$0.1279,0.91%,12.75%,34.51%,$95.16M,"$39,389,610306","741,362,205 SYS"
ATOR ProtocolATOR,$1.09,0.33%,1.14%,62.73%,$94.9M,"$3,862,6123","87,369,922 ATOR"
HarryPotterObamaSonic10Inu (ERC-20)BITCOIN,$0.09462,1.10%,6.05%,4.55%,$95.13M,"$2,864,06630","999,798,155 BITCOIN"
0x0.ai0x0,$0.1095,0.43%,1.80%,5.98%,$93.63M,"$1,894,37517","868,563,455 0x0"
Decentralized SocialDESO,$10.69,0.18%,0.69%,0.93%,$94.98M,"$1,811,391169","8,884,536 DESO"
MediBlocMED,$0.012,2.27%,3.92%,4.29%,$96.38M,"$3,310,723280","8,030,122,504 MED"
RaydiumRAY,$0.39,0.84%,3.03%,0.24%,$94.87M,"$12,250,08531","243,247,865 RAY"
SmarDexSDEX,$0.01364,0.13%,1.15%,3.21%,$94.04M,"$1,558,251115","6,894,742,856 SDEX"
MVLMVL,$0.003859,0.52%,3.20%,2.55%,$92.21M,"$1,954,256506","23,902,958,863 MVL"
Radiant CapitalRDNT,$0.2385,0.76%,0.66%,1.86%,$91.71M,"$22,902,53995","384,731,027 RDNT"
MarlinPOND,$0.01124,1.14%,0.38%,11.74%,$90.89M,"$6,090,788541","8,087,375,977 POND"
Dogelon MarsELON,$0.0...01652,0.17%,0.69%,5.76%,$90.79M,"$40,108,096242","549,652,770,159,583 ELON"
MyriaMYRIA,$0.01127,0.49%,22.17%,141.83%,$91.2M,"$10,086,680899","8,083,331,092 MYRIA"
CoreCORE,$0.5043,0.27%,0.02%,0.47%,$89.96M,"$23,766,24247","178,382,921 CORE"
OMG NetworkOMG,$0.6378,0.23%,1.57%,7.54%,$89.47M,"$23,196,99236","140,245,398 OMG"
MapleMPL,$20.31,0.60%,8.87%,46.35%,$89.77M,"$3,357,651165","4,417,986 MPL"
Gods UnchainedGODS,$0.3514,2.04%,0.04%,13.16%,$88.9M,"$1,612,9144","253,472,222 GODS"
MovieBlocMBL,$0.005105,0.64%,1.08%,4.44%,$87.65M,"$6,414,1381","17,168,553,885 MBL"
DentDENT,$0.0008622,0.68%,4.98%,13.64%,$86.18M,"$3,596,8174","100,000,000,000 DENT"
Venus ETHvETH,$42.29,0.05%,1.00%,1.13%,$86.02M,"$85,548,3122","2,033,994 vETH"
Bounce TokenAUCTION,$14.00,3.08%,27.12%,58.92%,$91.54M,"$62,463,8184","6,500,020 AUCTION"
CortexCTXC,$0.4071,6.04%,12.77%,77.44%,$88.01M,"$47,711,515120","216,834,502 CTXC"
ErgoERG,$1.18,1.41%,2.32%,0.60%,$84.51M,"$408,534345","71,630,139 ERG"
HELLO LabsHELLO,$0.133,0.29%,5.24%,10.73%,$84.36M,"$6,093,64445","630,523,787 HELLO"
MetisDAOMETIS,$18.32,0.50%,3.44%,1.61%,$83.59M,"$3,370,348184","4,563,674 METIS"
RequestREQ,$0.08301,0.43%,2.96%,5.45%,$82.6M,"$4,259,27951","999,702,433 REQ"
PromPROM,$4.52,0.26%,1.63%,5.10%,$82.45M,"$2,088,988461","18,250,000 PROM"
Star AtlasATLAS,$0.005785,0.10%,4.14%,90.18%,$83.24M,"$9,833,3731","14,394,994,611 ATLAS"
MetadiumMETA,$0.04777,1.52%,6.16%,12.43%,$81.38M,"$16,085,018335","1,703,608,720 META"
AergoAERGO,$0.1817,0.70%,8.88%,13.46%,$80.85M,"$31,934,298174","445,000,000 AERGO"
RadworksRAD,$1.58,0.43%,1.07%,10.10%,$81.25M,"$8,661,1325","51,455,980 RAD"
NKNNKN,$0.1082,0.34%,3.74%,3.48%,$81.67M,"$4,352,87340","754,831,362 NKN"
Energy Web TokenEWT,$2.67,0.99%,7.02%,4.19%,$80.18M,"$1,579,362593","30,062,138 EWT"
KwentaKWENTA,$185.13,0.47%,2.58%,2.55%,$79.94M,"$206,5431","431,809 KWENTA"
PLANETPLANET,$0.00009385,0.31%,5.43%,4.41%,$79.91M,"$29,411,094314","851,450,035,658 PLANET"
DODODODO,$0.1328,3.21%,8.62%,17.82%,$81.59M,"$10,432,12380","614,617,713 DODO"
Artificial Liquid IntelligenceALI,$0.02211,0.15%,1.96%,29.15%,$79.5M,"$917,00741","3,588,163,660 ALI"
StormXSTMX,$0.007867,1.27%,3.09%,3.12%,$78.67M,"$11,837,2311","10,000,000,000 STMX"
VerasityVRA,$0.007564,0.55%,3.34%,4.17%,$77.53M,"$19,190,4832","10,249,906,818 VRA"
DynexDNX,$0.9949,0.49%,0.03%,7.64%,$77.23M,"$1,879,6451","77,625,599 DNX"
HippocratHPO,$0.08539,0.61%,1.25%,0.77%,$73.73M,"$1,789,01621","913,409,273 HPO"
StellaALPHA,$0.09376,0.14%,0.37%,7.39%,$77.06M,"$7,238,22277","822,000,000 ALPHA"
COTICOTI,$0.05869,0.58%,6.85%,28.08%,$74.97M,"$7,340,010123","1,277,435,048 COTI"
MyNeighborAliceALICE,$1.10,0.53%,6.46%,18.34%,$74.68M,"$20,276,04918","67,913,333 ALICE"
Origin ProtocolOGN,$0.1279,0.20%,0.66%,12.10%,$72.94M,"$11,881,06192","570,478,028 OGN"
STAKESTAKE,$8.61,9336.64%,9942.71%,9979.22%,$72.81M,$69681,"8,460,044 STAKE"
Unifi Protocol DAOUNFI,$11.81,0.16%,3.64%,15.09%,$72.26M,"$32,175,0982","6,124,784 UNFI"
Vega ProtocolVEGA,$1.21,0.23%,0.32%,5.77%,$71.7M,"$857,062701","59,020,975 VEGA"
OrchidOXT,$0.07356,0.11%,2.82%,4.53%,$72.04M,"$3,195,25543","979,379,108 OXT"
Access ProtocolACS,$0.002337,1.37%,5.09%,10.68%,$71.52M,"$1,381,167587","30,602,811,709 ACS"
ShentuCTK,$0.5621,0.36%,2.26%,19.42%,$71.78M,"$10,619,68318","127,692,075 CTK"
Cobak TokenCBK,$0.8993,0.71%,3.87%,1.80%,$71.67M,"$2,349,4532","79,696,169 CBK"
Sweat EconomySWEAT,$0.01104,0.57%,1.42%,13.38%,$71.96M,"$1,713,949155","6,518,475,464 SWEAT"
Maverick ProtocolMAV,$0.2853,0.57%,2.87%,6.67%,$71.31M,"$12,926,77745","250,000,000 MAV"
Metars GenesisMRS,$1.14,0.09%,1.84%,5.85%,$71.83M,"$72,77663","62,850,000 MRS"
BifrostBFC,$0.05258,0.10%,7.92%,13.21%,$72.91M,"$2,330,98045","1,386,638,564 BFC"
HashflowHFT,$0.3015,0.11%,1.16%,4.25%,$71.24M,"$25,354,29884","236,311,057 HFT"
Ozone ChainOZO,$0.2384,3.31%,21.81%,12.28%,$72.32M,"$3,839,44116","303,375,000 OZO"
GitcoinGTC,$1.08,0.43%,5.35%,6.23%,$71.43M,"$14,810,77813","66,291,054 GTC"
Phala NetworkPHA,$0.1116,0.86%,2.70%,3.69%,$70.3M,"$15,231,725135","629,961,476 PHA"
HighstreetHIGH,$1.40,0.66%,4.78%,13.21%,$70.6M,"$9,612,9176","50,365,992 HIGH"
QuarkChainQKC,$0.01098,0.54%,0.27%,1.97%,$70.25M,"$3,559,737322","6,399,906,497 QKC"
Vertex ProtocolVRTX,$0.4803,0.12%,7.68%,69.38%,$69.87M,"$6,118,41312","145,482,205 VRTX"
Hifi FinanceHIFI,$0.7246,0.19%,3.35%,6.28%,$68.85M,"$17,993,10724","95,012,805 HIFI"
Ankr Staked ETHankrETH,"$2,332.37",0.08%,0.69%,1.20%,$68.41M,"$5,5102","29,330 ankrETH"
Badger DAOBADGER,$3.70,0.53%,5.69%,7.64%,$68.13M,"$19,318,9605","18,456,589 BADGER"
DuskDUSK,$0.1613,0.19%,4.11%,2.66%,$67.93M,"$7,974,02249","421,164,409 DUSK"
ArkhamARKM,$0.4481,1.21%,3.40%,12.02%,$67.08M,"$46,260,179103","150,000,000 ARKM"
UltraUOS,$0.1898,0.27%,1.19%,0.44%,$66.84M,"$1,627,2158","352,325,328 UOS"
CyberConnectCYBER,$6.05,0.47%,0.29%,0.35%,$66.8M,"$29,859,3514","11,038,000 CYBER"
WINkLinkWIN,$0.00006927,0.00%,0.91%,3.97%,$66.62M,"$25,401,430366","961,737,300,000 WIN"
Hooked ProtocolHOOK,$1.12,0.54%,7.25%,26.31%,$65.27M,"$64,916,78657","58,434,910 HOOK"
BitgertBRISE,$0.0...01641,1.55%,2.53%,6.22%,$64.92M,"$2,194,46113","395,688,215,721,653 BRISE"
CreditcoinCTC,$0.215,0.20%,3.83%,13.36%,$65.73M,"$26,979,679125","305,712,767 CTC"
SuperRareRARE,$0.118,4.02%,6.97%,77.10%,$64.95M,"$44,264,292374","550,630,817 RARE"
Steem DollarsSBD,$5.06,1.43%,3.88%,1.89%,$63.88M,"$28,516,2505","12,632,771 SBD"
